<?xml version="1.0" encoding="UTF-8" ?>
<!--
 Licensed to the Apache Software Foundation (ASF) under one or more
 contributor license agreements.  See the NOTICE file distributed with
 this work for additional information regarding copyright ownership.
 The ASF licenses this file to You under the Apache License, Version 2.0
 (the "License"); you may not use this file except in compliance with
 the License.  You may obtain a copy of the License at

     http://www.apache.org/licenses/LICENSE-2.0

 Unless required by applicable law or agreed to in writing, software
 distributed under the License is distributed on an "AS IS" BASIS,
 WITHOUT WARRANTIES OR CONDITIONS OF ANY KIND, either express or implied.
 See the License for the specific language governing permissions and
 limitations under the License.
-->

<config>
  <luceneMatchVersion>LUCENE_40</luceneMatchVersion>

  <dataDir>${solr.data.dir:}</dataDir>

  <directoryFactory name="DirectoryFactory" 
                    class="${solr.directoryFactory:solr.NRTCachingDirectoryFactory}"/> 

  <indexConfig>
  </indexConfig>

  <jmx />

  <updateHandler class="solr.DirectUpdateHandler2">
     <autoCommit> 
       <maxTime>15000</maxTime> 
       <openSearcher>false</openSearcher> 
     </autoCommit>
  </updateHandler>
  
  <query>
    <maxBooleanClauses>1024</maxBooleanClauses>

    <filterCache class="solr.FastLRUCache"
                 size="512"
                 initialSize="512"
                 autowarmCount="0"/>

    <queryResultCache class="solr.LRUCache"
                     size="512"
                     initialSize="512"
                     autowarmCount="0"/>

    <documentCache class="solr.LRUCache"
                   size="512"
                   initialSize="512"
                   autowarmCount="0"/>
    
   <enableLazyFieldLoading>true</enableLazyFieldLoading>
   <queryResultWindowSize>20</queryResultWindowSize>
   <queryResultMaxDocsCached>200</queryResultMaxDocsCached>
   <useColdSearcher>false</useColdSearcher>
   <maxWarmingSearchers>2</maxWarmingSearchers>
  </query>

  <requestDispatcher handleSelect="false" >
    <httpCaching lastModifiedFrom="openTime" etagSeed="Solr">
      <cacheControl>max-age=3600, public</cacheControl>
    </httpCaching>
  </requestDispatcher>

  <requestHandler name="/select" class="solr.SearchHandler">
     <lst name="defaults">
       <str name="echoParams">explicit</str>
       <int name="rows">10</int>
       <str name="df">title</str>
     </lst>
  </requestHandler>
  
  <requestHandler name="/get" class="solr.RealTimeGetHandler">
     <lst name="defaults">
       <str name="omitHeader">true</str>
       <str name="wt">json</str>
       <str name="indent">true</str>
     </lst>
  </requestHandler>

  <requestHandler name="/update" class="solr.UpdateRequestHandler">
  </requestHandler>

  <requestHandler name="/analysis/field" 
                  startup="lazy"
                  class="solr.FieldAnalysisRequestHandler" />

  <requestHandler name="/analysis/document" 
                  class="solr.DocumentAnalysisRequestHandler" 
                  startup="lazy" />

  <requestHandler name="/admin/" 
                  class="solr.admin.AdminHandlers" />
  
  <requestHandler name="/admin/ping" class="solr.PingRequestHandler">
    <lst name="invariants">
      <str name="q">solrpingquery</str>
    </lst>
    <lst name="defaults">
      <str name="echoParams">all</str>
    </lst>
  </requestHandler>

  <requestHandler name="/debug/dump" class="solr.DumpRequestHandler" >
    <lst name="defaults">
     <str name="echoParams">explicit</str> 
     <str name="echoHandler">true</str>
    </lst>
  </requestHandler>

	<requestHandler name="/replication" class="solr.ReplicationHandler" startup="lazy" /> 

  <queryResponseWriter name="json" class="solr.JSONResponseWriter">
    <str name="content-type">text/plain; charset=UTF-8</str>
  </queryResponseWriter>
  
  <admin>
    <defaultQuery>*:*</defaultQuery>
  </admin>

</config>
