<dataConfig>
 <dataSource driver="org.postgresql.Driver" url="jdbc:postgresql://localhost:5432/users" user="postgres" password="postgres" />
 <document>
  <entity name="user" query="SELECT user_id, user_name from users">
   <field column="user_id" name="id" />
   <field column="user_name" name="name" />
    <entity name="user_desc" query="select description from users_description where user_id=${user.user_id}">
    <field column="description" name="description" />
   </entity>
  </entity>
 </document>
</dataConfig>
